{
	"format_version": "1.9.0",
	"credit": "Made with Blockbench",
	"texture_size": [128, 128],
	"textures": {
		"0": "custom/cakebase",
		"particle": "custom/cakebase"
	},
	"elements": [
		{
			"from": [-16, 0, -16],
			"to": [32, 16, 32],
			"rotation": {"angle": 0, "axis": "y", "origin": [-16, 0, -15]},
			"faces": {
				"north": {"uv": [0, 6, 6, 7], "texture": "#0"},
				"east": {"uv": [0, 6, 6, 7], "texture": "#0"},
				"south": {"uv": [0, 6, 6, 7], "texture": "#0"},
				"west": {"uv": [0, 6, 6, 7], "texture": "#0"},
				"up": {"uv": [6, 6, 0, 0], "texture": "#0"},
				"down": {"uv": [0.125, 6.875, 0, 7], "texture": "#0"}
			}
		}
	],
	"display": {
		"fixed": {
			"rotation": [-90, 0, 0]
		}
	}
}