{
	"format_version": "1.9.0",
	"credit": "Made with Blockbench",
	"textures": {
		"0": "custom/blocks/bakingsoda",
		"particle": "custom/blocks/bakingsoda"
	},
	"elements": [
		{
			"from": [8.07716, 0, 5.38791],
			"to": [11.07716, 6, 8.38791],
			"rotation": {"angle": -45, "axis": "y", "origin": [9.57716, 3, 6.88791]},
			"faces": {
				"north": {"uv": [0, 0, 3, 6], "texture": "#0"},
				"east": {"uv": [3, 0, 6, 6], "texture": "#0"},
				"south": {"uv": [0, 6, 3, 12], "texture": "#0"},
				"west": {"uv": [6, 0, 9, 6], "texture": "#0"},
				"up": {"uv": [6, 9, 3, 6], "texture": "#0"},
				"down": {"uv": [9, 6, 6, 9], "texture": "#0"}
			}
		},
		{
			"from": [5.07716, 0, 7.38791],
			"to": [8.07716, 6, 10.38791],
			"rotation": {"angle": -22.5, "axis": "y", "origin": [6.57716, 3, 8.88791]},
			"faces": {
				"north": {"uv": [0, 6, 3, 12], "texture": "#0"},
				"east": {"uv": [6, 0, 9, 6], "texture": "#0"},
				"south": {"uv": [0, 0, 3, 6], "texture": "#0"},
				"west": {"uv": [3, 0, 6, 6], "texture": "#0"},
				"up": {"uv": [6, 9, 3, 6], "rotation": 180, "texture": "#0"},
				"down": {"uv": [9, 6, 6, 9], "rotation": 180, "texture": "#0"}
			}
		}
	]
}