{
	"format_version": "1.9.0",
	"credit": "Made with Blockbench",
	"textures": {
		"0": "custom/blocks/bakingsoda",
		"particle": "custom/blocks/bakingsoda"
	},
	"elements": [
		{
			"from": [7, 0, 6],
			"to": [10, 6, 9],
			"rotation": {"angle": 0, "axis": "y", "origin": [7, 0, 7]},
			"faces": {
				"north": {"uv": [0, 0, 3, 6], "texture": "#0"},
				"east": {"uv": [3, 0, 6, 6], "texture": "#0"},
				"south": {"uv": [0, 6, 3, 12], "texture": "#0"},
				"west": {"uv": [6, 0, 9, 6], "texture": "#0"},
				"up": {"uv": [6, 9, 3, 6], "texture": "#0"},
				"down": {"uv": [9, 6, 6, 9], "texture": "#0"}
			}
		}
	]
}