{
	"format_version": "1.9.0",
	"credit": "Made with Blockbench",
	"textures": {
		"0": "custom/blocks/brownsugar",
		"particle": "custom/blocks/brownsugar"
	},
	"elements": [
		{
			"from": [7, 0, 1.5],
			"to": [13, 6, 4.5],
			"rotation": {"angle": 0, "axis": "y", "origin": [10.5, 3, 3]},
			"faces": {
				"north": {"uv": [0, 0, 6, 6], "texture": "#0"},
				"east": {"uv": [6, 0, 9, 6], "texture": "#0"},
				"south": {"uv": [0, 6, 6, 12], "texture": "#0"},
				"west": {"uv": [6, 6, 9, 12], "texture": "#0"},
				"up": {"uv": [15, 3, 9, 0], "texture": "#0"},
				"down": {"uv": [15, 3, 9, 6], "texture": "#0"}
			}
		},
		{
			"from": [4, 0, 9.5],
			"to": [10, 6, 12.5],
			"rotation": {"angle": 22.5, "axis": "y", "origin": [6.5, 3, 11]},
			"faces": {
				"north": {"uv": [0, 6, 6, 12], "texture": "#0"},
				"east": {"uv": [6, 6, 9, 12], "texture": "#0"},
				"south": {"uv": [0, 0, 6, 6], "texture": "#0"},
				"west": {"uv": [6, 0, 9, 6], "texture": "#0"},
				"up": {"uv": [15, 3, 9, 0], "rotation": 180, "texture": "#0"},
				"down": {"uv": [15, 3, 9, 6], "rotation": 180, "texture": "#0"}
			}
		},
		{
			"from": [7, 0, 12.5],
			"to": [13, 6, 15.5],
			"rotation": {"angle": 22.5, "axis": "y", "origin": [9.5, 3, 14]},
			"faces": {
				"north": {"uv": [0, 6, 6, 12], "texture": "#0"},
				"east": {"uv": [6, 6, 9, 12], "texture": "#0"},
				"south": {"uv": [0, 0, 6, 6], "texture": "#0"},
				"west": {"uv": [6, 0, 9, 6], "texture": "#0"},
				"up": {"uv": [15, 3, 9, 0], "rotation": 180, "texture": "#0"},
				"down": {"uv": [15, 3, 9, 6], "rotation": 180, "texture": "#0"}
			}
		},
		{
			"from": [5, 0, 5.5],
			"to": [11, 6, 8.5],
			"rotation": {"angle": 0, "axis": "y", "origin": [7.5, 3, 7]},
			"faces": {
				"north": {"uv": [0, 6, 6, 12], "texture": "#0"},
				"east": {"uv": [6, 6, 9, 12], "texture": "#0"},
				"south": {"uv": [0, 0, 6, 6], "texture": "#0"},
				"west": {"uv": [6, 0, 9, 6], "texture": "#0"},
				"up": {"uv": [15, 3, 9, 0], "rotation": 180, "texture": "#0"},
				"down": {"uv": [15, 3, 9, 6], "rotation": 180, "texture": "#0"}
			}
		}
	]
}