{
	"format_version": "1.9.0",
	"credit": "Made with Blockbench",
	"textures": {
		"0": "custom/blocks/polished_spruce",
		"particle": "custom/blocks/polished_spruce"
	},
	"elements": [
		{
			"from": [0, 0, 0],
			"to": [16, 3, 16],
			"faces": {
				"north": {"uv": [0, 10, 16, 13], "texture": "#0"},
				"east": {"uv": [0, 10, 16, 13], "texture": "#0"},
				"south": {"uv": [0, 10, 16, 13], "texture": "#0"},
				"west": {"uv": [0, 10, 16, 13], "texture": "#0"},
				"up": {"uv": [0, 0, 16, 16], "texture": "#0"},
				"down": {"uv": [0, 0, 16, 16], "texture": "#0"}
			}
		}
	]
}