{
	"format_version": "1.9.0",
	"credit": "Made with Blockbench",
	"texture_size": [32, 32],
	"textures": {
		"0": "custom/blocks/flour",
		"particle": "custom/blocks/flour"
	},
	"elements": [
		{
			"from": [5, 0, 9.3],
			"to": [11, 8, 13.3],
			"rotation": {"angle": -45, "axis": "x", "origin": [8, 4, 11.3]},
			"faces": {
				"north": {"uv": [0, 0, 3, 4], "texture": "#0"},
				"east": {"uv": [0, 4, 2, 8], "texture": "#0"},
				"south": {"uv": [3, 0, 6, 4], "texture": "#0"},
				"west": {"uv": [2, 4, 4, 8], "texture": "#0"},
				"up": {"uv": [7, 6, 4, 4], "texture": "#0"},
				"down": {"uv": [9, 0, 6, 2], "texture": "#0"}
			}
		},
		{
			"from": [6, 0, 1.5],
			"to": [12, 4, 9.5],
			"rotation": {"angle": -22.5, "axis": "y", "origin": [9, 2, 5.5]},
			"faces": {
				"north": {"uv": [7, 6, 4, 4], "rotation": 180, "texture": "#0"},
				"east": {"uv": [0, 4, 2, 8], "rotation": 90, "texture": "#0"},
				"south": {"uv": [9, 0, 6, 2], "texture": "#0"},
				"west": {"uv": [2, 4, 4, 8], "rotation": 270, "texture": "#0"},
				"up": {"uv": [3, 0, 6, 4], "texture": "#0"},
				"down": {"uv": [0, 0, 3, 4], "rotation": 180, "texture": "#0"}
			}
		}
	]
}