{
	"format_version": "1.9.0",
	"credit": "Made with Blockbench",
	"texture_size": [32, 32],
	"textures": {
		"0": "custom/blocks/flour",
		"particle": "custom/blocks/flour"
	},
	"elements": [
		{
			"from": [1, 0, 10],
			"to": [7, 8, 14],
			"rotation": {"angle": -22.5, "axis": "y", "origin": [4, 4, 12]},
			"faces": {
				"north": {"uv": [0, 0, 3, 4], "texture": "#0"},
				"east": {"uv": [0, 4, 2, 8], "texture": "#0"},
				"south": {"uv": [3, 0, 6, 4], "texture": "#0"},
				"west": {"uv": [2, 4, 4, 8], "texture": "#0"},
				"up": {"uv": [7, 6, 4, 4], "texture": "#0"},
				"down": {"uv": [9, 0, 6, 2], "texture": "#0"}
			}
		},
		{
			"from": [5, 0, 5.5],
			"to": [11, 8, 9.5],
			"rotation": {"angle": 0, "axis": "y", "origin": [8, 4, 7.5]},
			"faces": {
				"north": {"uv": [0, 0, 3, 4], "texture": "#0"},
				"east": {"uv": [0, 4, 2, 8], "texture": "#0"},
				"south": {"uv": [3, 0, 6, 4], "texture": "#0"},
				"west": {"uv": [2, 4, 4, 8], "texture": "#0"},
				"up": {"uv": [7, 6, 4, 4], "texture": "#0"},
				"down": {"uv": [9, 0, 6, 2], "texture": "#0"}
			}
		},
		{
			"from": [9, 0, 9.5],
			"to": [15, 8, 13.5],
			"rotation": {"angle": 45, "axis": "y", "origin": [12, 4, 11.5]},
			"faces": {
				"north": {"uv": [0, 0, 3, 4], "texture": "#0"},
				"east": {"uv": [0, 4, 2, 8], "texture": "#0"},
				"south": {"uv": [3, 0, 6, 4], "texture": "#0"},
				"west": {"uv": [2, 4, 4, 8], "texture": "#0"},
				"up": {"uv": [7, 6, 4, 4], "texture": "#0"},
				"down": {"uv": [9, 0, 6, 2], "texture": "#0"}
			}
		},
		{
			"from": [2, 0, 1],
			"to": [8, 8, 5],
			"rotation": {"angle": 22.5, "axis": "y", "origin": [5, 4, 3]},
			"faces": {
				"north": {"uv": [3, 0, 6, 4], "texture": "#0"},
				"east": {"uv": [2, 4, 4, 8], "texture": "#0"},
				"south": {"uv": [0, 0, 3, 4], "texture": "#0"},
				"west": {"uv": [0, 4, 2, 8], "texture": "#0"},
				"up": {"uv": [7, 6, 4, 4], "rotation": 180, "texture": "#0"},
				"down": {"uv": [9, 0, 6, 2], "rotation": 180, "texture": "#0"}
			}
		}
	]
}