{
	"format_version": "1.9.0",
	"credit": "Made with Blockbench",
	"texture_size": [32, 32],
	"textures": {
		"0": "custom/blocks/flour",
		"particle": "custom/blocks/flour"
	},
	"elements": [
		{
			"from": [3, 0, 0],
			"to": [9, 8, 4],
			"rotation": {"angle": 22.5, "axis": "y", "origin": [6, 4, 2]},
			"faces": {
				"north": {"uv": [0, 0, 3, 4], "texture": "#0"},
				"east": {"uv": [0, 4, 2, 8], "texture": "#0"},
				"south": {"uv": [3, 0, 6, 4], "texture": "#0"},
				"west": {"uv": [2, 4, 4, 8], "texture": "#0"},
				"up": {"uv": [7, 6, 4, 4], "texture": "#0"},
				"down": {"uv": [9, 0, 6, 2], "texture": "#0"}
			}
		},
		{
			"from": [5, 0, 4],
			"to": [11, 8, 8],
			"rotation": {"angle": 0, "axis": "y", "origin": [8, 4, 6]},
			"faces": {
				"north": {"uv": [0, 0, 3, 4], "texture": "#0"},
				"east": {"uv": [0, 4, 2, 8], "texture": "#0"},
				"south": {"uv": [3, 0, 6, 4], "texture": "#0"},
				"west": {"uv": [2, 4, 4, 8], "texture": "#0"},
				"up": {"uv": [7, 6, 4, 4], "texture": "#0"},
				"down": {"uv": [9, 0, 6, 2], "texture": "#0"}
			}
		},
		{
			"from": [6, 0, 8],
			"to": [12, 8, 12],
			"rotation": {"angle": 0, "axis": "y", "origin": [9, 4, 10]},
			"faces": {
				"north": {"uv": [0, 0, 3, 4], "texture": "#0"},
				"east": {"uv": [0, 4, 2, 8], "texture": "#0"},
				"south": {"uv": [3, 0, 6, 4], "texture": "#0"},
				"west": {"uv": [2, 4, 4, 8], "texture": "#0"},
				"up": {"uv": [7, 6, 4, 4], "texture": "#0"},
				"down": {"uv": [9, 0, 6, 2], "texture": "#0"}
			}
		},
		{
			"from": [4, 0, 12],
			"to": [10, 8, 16],
			"rotation": {"angle": -22.5, "axis": "y", "origin": [7, 4, 14]},
			"faces": {
				"north": {"uv": [0, 0, 3, 4], "texture": "#0"},
				"east": {"uv": [0, 4, 2, 8], "texture": "#0"},
				"south": {"uv": [3, 0, 6, 4], "texture": "#0"},
				"west": {"uv": [2, 4, 4, 8], "texture": "#0"},
				"up": {"uv": [7, 6, 4, 4], "texture": "#0"},
				"down": {"uv": [9, 0, 6, 2], "texture": "#0"}
			}
		}
	]
}