{
	"format_version": "1.9.0",
	"credit": "Made with Blockbench",
	"textures": {
		"0": "custom/blocks/sugar",
		"particle": "custom/blocks/sugar"
	},
	"elements": [
		{
			"from": [5, 0, 5.5],
			"to": [8, 6, 11.5],
			"rotation": {"angle": 0, "axis": "y", "origin": [6.5, 3, 8]},
			"faces": {
				"north": {"uv": [6, 0, 9, 6], "texture": "#0"},
				"east": {"uv": [0, 6, 6, 12], "texture": "#0"},
				"south": {"uv": [6, 6, 9, 12], "texture": "#0"},
				"west": {"uv": [0, 0, 6, 6], "texture": "#0"},
				"up": {"uv": [15, 3, 9, 0], "rotation": 270, "texture": "#0"},
				"down": {"uv": [15, 3, 9, 6], "rotation": 90, "texture": "#0"}
			}
		},
		{
			"from": [10, 0, 2.5],
			"to": [13, 6, 8.5],
			"rotation": {"angle": 45, "axis": "y", "origin": [11.5, 3, 6]},
			"faces": {
				"north": {"uv": [6, 6, 9, 12], "texture": "#0"},
				"east": {"uv": [0, 0, 6, 6], "texture": "#0"},
				"south": {"uv": [6, 0, 9, 6], "texture": "#0"},
				"west": {"uv": [0, 6, 6, 12], "texture": "#0"},
				"up": {"uv": [15, 3, 9, 0], "rotation": 90, "texture": "#0"},
				"down": {"uv": [15, 3, 9, 6], "rotation": 270, "texture": "#0"}
			}
		},
		{
			"from": [6, 6, 4],
			"to": [12, 9, 10],
			"rotation": {"angle": 22.5, "axis": "y", "origin": [9.5, 7.5, 7]},
			"faces": {
				"north": {"uv": [15, 3, 9, 6], "rotation": 180, "texture": "#0"},
				"east": {"uv": [6, 0, 9, 6], "rotation": 270, "texture": "#0"},
				"south": {"uv": [15, 3, 9, 0], "texture": "#0"},
				"west": {"uv": [6, 6, 9, 12], "rotation": 90, "texture": "#0"},
				"up": {"uv": [0, 0, 6, 6], "rotation": 180, "texture": "#0"},
				"down": {"uv": [0, 6, 6, 12], "texture": "#0"}
			}
		}
	]
}