{
	"format_version": "1.9.0",
	"credit": "Made with Blockbench",
	"textures": {
		"0": "custom/blocks/sugar",
		"particle": "custom/blocks/sugar"
	},
	"elements": [
		{
			"from": [4, 0, 6.5],
			"to": [10, 6, 9.5],
			"rotation": {"angle": 0, "axis": "y", "origin": [6.5, 3, 8]},
			"faces": {
				"north": {"uv": [0, 6, 6, 12], "texture": "#0"},
				"east": {"uv": [6, 6, 9, 12], "texture": "#0"},
				"south": {"uv": [0, 0, 6, 6], "texture": "#0"},
				"west": {"uv": [6, 0, 9, 6], "texture": "#0"},
				"up": {"uv": [15, 3, 9, 0], "rotation": 180, "texture": "#0"},
				"down": {"uv": [15, 3, 9, 6], "rotation": 180, "texture": "#0"}
			}
		}
	]
}