{
    "1": {
      "sounds": [
        "custom:1"
      ]
    },
    "2": {
      "sounds": [
        "custom:2"
      ]
    },
    "3": {
      "sounds": [
        "custom:3"
      ]
    },
    "4": {
      "sounds": [
        "custom:4"
      ]
    },
    "5": {
      "sounds": [
        "custom:5"
      ]
    },
    "6": {
      "sounds": [
        "custom:6"
      ]
    },
    "7": {
      "sounds": [
        "custom:7"
      ]
    },
    "a": {
      "sounds": [
        "custom:a"
      ]
    },
    "b": {
      "sounds": [
        "custom:b"
      ]
    },
    "c": {
      "sounds": [
        "custom:c"
      ]
    },"d": {
      "sounds": [
        "custom:d"
      ]
    },"e": {
      "sounds": [
        "custom:e"
      ]
    }
  }