{
  "variants": { 
    "candles=1":
      [{"model":"baubles/bakingsoda/bakingsoda11"},
      {"model":"baubles/bakingsoda/bakingsoda12"}],
    "candles=2":
      [{"model":"baubles/bakingsoda/bakingsoda21"},
      {"model":"baubles/bakingsoda/bakingsoda22"}],
    "candles=3":
      [{"model":"baubles/bakingsoda/bakingsoda31"},
      {"model":"baubles/bakingsoda/bakingsoda32"}],
    "candles=4":
      [{"model":"baubles/bakingsoda/bakingsoda41"},
      {"model":"baubles/bakingsoda/bakingsoda42"}]
  }
}