{
  "variants": { 
    "candles=1":
      [{"model":"baubles/brownsugar/brownsugar11"},
      {"model":"baubles/brownsugar/brownsugar12"}],
    "candles=2":
      [{"model":"baubles/brownsugar/brownsugar21"},
      {"model":"baubles/brownsugar/brownsugar22"}],
    "candles=3":
      [{"model":"baubles/brownsugar/brownsugar31"},
      {"model":"baubles/brownsugar/brownsugar32"}],
    "candles=4":
      [{"model":"baubles/brownsugar/brownsugar41"},
      {"model":"baubles/brownsugar/brownsugar42"}]
  }
}