{
  "variants": { 
    "down=false,east=false,north=false,south=true,up=false,west=false":
      [{"model":"baubles/postit/post1"},
      {"model":"baubles/postit/post2"},
      {"model":"baubles/postit/post3"}],
    "down=false,east=false,north=false,south=false,up=false,west=true":
      [{"model":"baubles/postit/post1","y":90},
      {"model":"baubles/postit/post2","y":90},
      {"model":"baubles/postit/post3","y":90}],
    "down=false,east=false,north=true,south=false,up=false,west=false":
      [{"model":"baubles/postit/post1","y":180},
      {"model":"baubles/postit/post2","y":180},
      {"model":"baubles/postit/post3","y":180}],
    "down=false,east=true,north=false,south=false,up=false,west=false":
      [{"model":"baubles/postit/post1","y":270},
      {"model":"baubles/postit/post2","y":270},
      {"model":"baubles/postit/post3","y":270}]
  }
}