{
	"format_version": "1.9.0",
	"credit": "Made with Blockbench",
	"texture_size": [256, 256],
	"textures": {
		"0": "custom/deco",
		"particle": "block/deco"
	},
	"elements": [
		{
			"name": "bal",
			"from": [6, 0, 6],
			"to": [10, 4, 10],
			"rotation": {"angle": 0, "axis": "y", "origin": [7, 0, 7]},
			"faces": {
				"north": {"uv": [0.75, 0.25, 1, 0.5], "texture": "#0"},
				"east": {"uv": [0.25, 0, 0.5, 0.25], "texture": "#0"},
				"south": {"uv": [0.25, 0.25, 0.5, 0.5], "texture": "#0"},
				"west": {"uv": [0.5, 0, 0.75, 0.25], "texture": "#0"},
				"up": {"uv": [0.5, 0.25, 0.75, 0.5], "texture": "#0"},
				"down": {"uv": [0.75, 0, 1, 0.25], "texture": "#0"}
			}
		},
		{
			"name": "stilk",
			"from": [8, 4, 7],
			"to": [8, 13, 10],
			"rotation": {"angle": -22.5, "axis": "y", "origin": [7.92388, 7, 7.88268]},
			"faces": {
				"north": {"uv": [0, 0, 0, 0.5625], "texture": "#0"},
				"east": {"uv": [0.25, 0, 0.0625, 0.5625], "texture": "#0"},
				"south": {"uv": [0, 0, 0, 0.5625], "texture": "#0"},
				"west": {"uv": [0.0625, 0, 0.25, 0.5625], "texture": "#0"},
				"up": {"uv": [0, 0, 0, 0.1875], "texture": "#0"},
				"down": {"uv": [0, 0, 0, 0.1875], "texture": "#0"}
			}
		}
	],
	"display": {
		"thirdperson_righthand": {
			"rotation": [60.5, 0, 0],
			"translation": [0, -0.75, -1]
		},
		"thirdperson_lefthand": {
			"rotation": [60.5, 0, 0],
			"translation": [0, -0.75, -1]
		},
		"firstperson_righthand": {
			"rotation": [-9, 17.25, 0],
			"translation": [0.5, 9, 1.25]
		},
		"firstperson_lefthand": {
			"rotation": [-9, 17.25, 0],
			"translation": [0.5, 9, 1.25]
		},
		"gui": {
			"rotation": [172.02, 36.68, -144.22],
			"translation": [1, 3, 0],
			"scale": [1.65, 1.65, 1.65]
		},
		"head": {
			"translation": [0, 19.25, 0],
			"scale": [1.6, 1.6, 1.6]
		},
		"fixed": {
			"rotation": [-90, 0, 0],
			"translation": [0, 0, -8],
			"scale": [1, 1, 1]
		}
	}
}