{
	"format_version": "1.9.0",
	"credit": "Made with Blockbench",
	"texture_size": [256, 256],
	"textures": {
		"0": "custom/deco",
		"particle": "custom/deco"
	},
	"elements": [
		{
			"from": [7, 0, 7],
			"to": [9, 1, 9],
			"rotation": {"angle": 0, "axis": "y", "origin": [7, 0, 7]},
			"faces": {
				"north": {"uv": [4.75, 0.4375, 4.875, 0.5], "texture": "#0"},
				"east": {"uv": [4.875, 0.5, 5, 0.5625], "texture": "#0"},
				"south": {"uv": [4.75, 0.375, 4.875, 0.4375], "texture": "#0"},
				"west": {"uv": [4.75, 0.5, 4.875, 0.5625], "texture": "#0"},
				"up": {"uv": [4.75, 0.25, 4.875, 0.375], "texture": "#0"},
				"down": {"uv": [4.75, 0.125, 4.875, 0.25], "texture": "#0"}
			}
		},
		{
			"from": [6, 0, 3],
			"to": [10, 0, 7],
			"rotation": {"angle": 22.5, "axis": "x", "origin": [8, 0, 7]},
			"faces": {
				"north": {"uv": [5.0625, 0, 5.1875, 0], "texture": "#0"},
				"east": {"uv": [5.0625, 0, 5.1875, 0], "texture": "#0"},
				"south": {"uv": [5.0625, 0, 5.1875, 0], "texture": "#0"},
				"west": {"uv": [5.0625, 0, 5.1875, 0], "texture": "#0"},
				"up": {"uv": [5, 1.0625, 5.25, 1.3125], "texture": "#0"},
				"down": {"uv": [4.75, 0.5625, 5, 0.8125], "texture": "#0"}
			}
		},
		{
			"from": [6, 0, 9],
			"to": [10, 0, 13],
			"rotation": {"angle": -22.5, "axis": "x", "origin": [8, 0, 9]},
			"faces": {
				"north": {"uv": [4.9375, 0.125, 5.0625, 0.125], "texture": "#0"},
				"east": {"uv": [4.9375, 0.125, 5.0625, 0.125], "texture": "#0"},
				"south": {"uv": [4.9375, 0.125, 5.0625, 0.125], "texture": "#0"},
				"west": {"uv": [4.9375, 0.125, 5.0625, 0.125], "texture": "#0"},
				"up": {"uv": [5, 0.8125, 5.25, 1.0625], "rotation": 180, "texture": "#0"},
				"down": {"uv": [4.75, 0.8125, 5, 1.0625], "rotation": 180, "texture": "#0"}
			}
		},
		{
			"from": [9, 0, 6],
			"to": [13, 0, 10],
			"rotation": {"angle": 22.5, "axis": "z", "origin": [9, 0, 8]},
			"faces": {
				"north": {"uv": [5.0625, 0.125, 5.1875, 0.125], "texture": "#0"},
				"east": {"uv": [5.0625, 0.125, 5.1875, 0.125], "texture": "#0"},
				"south": {"uv": [5.0625, 0.125, 5.1875, 0.125], "texture": "#0"},
				"west": {"uv": [5.0625, 0.125, 5.1875, 0.125], "texture": "#0"},
				"up": {"uv": [4.75, 1.0625, 5, 1.3125], "rotation": 90, "texture": "#0"},
				"down": {"uv": [4.875, 0.25, 5.125, 0.5], "rotation": 270, "texture": "#0"}
			}
		},
		{
			"from": [3, 0, 6],
			"to": [7, 0, 10],
			"rotation": {"angle": -22.5, "axis": "z", "origin": [7, 0, 8]},
			"faces": {
				"north": {"uv": [4.9375, 0, 5.0625, 0], "texture": "#0"},
				"east": {"uv": [4.9375, 0, 5.0625, 0], "texture": "#0"},
				"south": {"uv": [4.9375, 0, 5.0625, 0], "texture": "#0"},
				"west": {"uv": [4.9375, 0, 5.0625, 0], "texture": "#0"},
				"up": {"uv": [5, 0.5625, 5.25, 0.8125], "rotation": 270, "texture": "#0"},
				"down": {"uv": [4.875, 0, 5.125, 0.25], "rotation": 90, "texture": "#0"}
			}
		}
	],
	"display": {
		"thirdperson_righthand": {
			"rotation": [13, 0, 0],
			"translation": [0, 8.25, 2.25]
		},
		"thirdperson_lefthand": {
			"rotation": [13, 0, 0],
			"translation": [0, 8.25, 2.25]
		},
		"firstperson_righthand": {
			"rotation": [-6.5, 0, 8.5],
			"translation": [0, 9.25, 0]
		},
		"firstperson_lefthand": {
			"rotation": [-6.5, 0, 8.5],
			"translation": [0, 9.25, 0]
		},
		"ground": {
			"translation": [0, 4.25, 0]
		},
		"gui": {
			"rotation": [50.41, 17.53, -10.76],
			"translation": [3, 9, 0],
			"scale": [2, 2, 2]
		},
		"head": {
			"rotation": [-90, 0, 0],
			"translation": [0, -2.25, -14.5]
		},
		"fixed": {
			"rotation": [-90, 0, 0],
			"translation": [0, 0, -16],
			"scale": [2, 2, 2]
		}
	}
}