{
	"format_version": "1.9.0",
	"credit": "Made with Blockbench",
	"texture_size": [256, 256],
	"textures": {
		"0": "custom/deco",
		"particle": "custom/deco"
	},
	"elements": [
		{
			"from": [7, 0, 7],
			"to": [9, 1, 9],
			"rotation": {"angle": 0, "axis": "y", "origin": [7, 0, 7]},
			"faces": {
				"north": {"uv": [3.625, 0.3125, 3.75, 0.375], "texture": "#0"},
				"east": {"uv": [3.75, 0.25, 3.875, 0.3125], "texture": "#0"},
				"south": {"uv": [3.625, 0.25, 3.75, 0.3125], "texture": "#0"},
				"west": {"uv": [3.75, 0.3125, 3.875, 0.375], "texture": "#0"},
				"up": {"uv": [3.625, 0.125, 3.75, 0.25], "texture": "#0"},
				"down": {"uv": [3.625, 0, 3.75, 0.125], "texture": "#0"}
			}
		},
		{
			"from": [7, 0, 5],
			"to": [9, 0, 7],
			"rotation": {"angle": 22.5, "axis": "x", "origin": [8, 0, 7]},
			"faces": {
				"north": {"uv": [3.875, 0, 4, 0], "texture": "#0"},
				"east": {"uv": [3.875, 0, 4, 0], "texture": "#0"},
				"south": {"uv": [3.875, 0, 4, 0], "texture": "#0"},
				"west": {"uv": [3.875, 0, 4, 0], "texture": "#0"},
				"up": {"uv": [3.875, 0, 4, 0.125], "texture": "#0"},
				"down": {"uv": [3.875, 0, 4, 0.125], "texture": "#0"}
			}
		},
		{
			"from": [7, 0, 9],
			"to": [9, 0, 11],
			"rotation": {"angle": -22.5, "axis": "x", "origin": [8, 0, 9]},
			"faces": {
				"north": {"uv": [3.75, 0.125, 3.875, 0.125], "texture": "#0"},
				"east": {"uv": [3.75, 0.125, 3.875, 0.125], "texture": "#0"},
				"south": {"uv": [3.75, 0.125, 3.875, 0.125], "texture": "#0"},
				"west": {"uv": [3.75, 0.125, 3.875, 0.125], "texture": "#0"},
				"up": {"uv": [3.75, 0.125, 3.875, 0.25], "rotation": 180, "texture": "#0"},
				"down": {"uv": [3.75, 0.125, 3.875, 0.25], "rotation": 180, "texture": "#0"}
			}
		},
		{
			"from": [9, 0, 7],
			"to": [11, 0, 9],
			"rotation": {"angle": 22.5, "axis": "z", "origin": [9, 0, 8]},
			"faces": {
				"north": {"uv": [3.875, 0.125, 4, 0.125], "texture": "#0"},
				"east": {"uv": [3.875, 0.125, 4, 0.125], "texture": "#0"},
				"south": {"uv": [3.875, 0.125, 4, 0.125], "texture": "#0"},
				"west": {"uv": [3.875, 0.125, 4, 0.125], "texture": "#0"},
				"up": {"uv": [3.875, 0.125, 4, 0.25], "rotation": 90, "texture": "#0"},
				"down": {"uv": [3.875, 0.125, 4, 0.25], "rotation": 270, "texture": "#0"}
			}
		},
		{
			"from": [5, 0, 7],
			"to": [7, 0, 9],
			"rotation": {"angle": -22.5, "axis": "z", "origin": [7, 0, 8]},
			"faces": {
				"north": {"uv": [3.75, 0, 3.875, 0], "texture": "#0"},
				"east": {"uv": [3.75, 0, 3.875, 0], "texture": "#0"},
				"south": {"uv": [3.75, 0, 3.875, 0], "texture": "#0"},
				"west": {"uv": [3.75, 0, 3.875, 0], "texture": "#0"},
				"up": {"uv": [3.75, 0, 3.875, 0.125], "rotation": 270, "texture": "#0"},
				"down": {"uv": [3.75, 0, 3.875, 0.125], "rotation": 90, "texture": "#0"}
			}
		}
	],
	"display": {
		"thirdperson_righthand": {
			"rotation": [13, 0, 0],
			"translation": [0, 8.25, 2.25]
		},
		"thirdperson_lefthand": {
			"rotation": [13, 0, 0],
			"translation": [0, 8.25, 2.25]
		},
		"firstperson_righthand": {
			"rotation": [-6.5, 0, 8.5],
			"translation": [0, 9.25, 0]
		},
		"firstperson_lefthand": {
			"rotation": [-6.5, 0, 8.5],
			"translation": [0, 9.25, 0]
		},
		"ground": {
			"translation": [0, 4.25, 0]
		},
		"gui": {
			"rotation": [41.91, 17.53, -10.76],
			"translation": [3, 11.25, 0],
			"scale": [2, 2, 2]
		},
		"head": {
			"rotation": [-90, 0, 0],
			"translation": [0, -2.25, -14.5]
		},
		"fixed": {
			"rotation": [-90, 0, 0],
			"translation": [0, 0, -16],
			"scale": [2, 2, 2]
		}
	}
}