{
	"format_version": "1.9.0",
	"credit": "Made with Blockbench",
	"texture_size": [256, 256],
	"textures": {
		"0": "custom/deco",
		"particle": "custom/deco"
	},
	"elements": [
		{
			"from": [6, 0.01, 6],
			"to": [10, 1.01, 10],
			"rotation": {"angle": 0, "axis": "y", "origin": [7, 0, 7]},
			"faces": {
				"north": {"uv": [0, 2.75, 0.25, 2.8125], "texture": "#0"},
				"east": {"uv": [0, 2.6875, 0.25, 2.75], "texture": "#0"},
				"south": {"uv": [0, 2.625, 0.25, 2.6875], "texture": "#0"},
				"west": {"uv": [0, 2.5625, 0.25, 2.625], "texture": "#0"},
				"up": {"uv": [0, 3.5625, 0.25, 3.8125], "texture": "#0"},
				"down": {"uv": [0, 3.0625, 0.25, 3.3125], "texture": "#0"}
			}
		},
		{
			"from": [6.5, 0.51, 6.5],
			"to": [9.5, 1.51, 9.5],
			"rotation": {"angle": 0, "axis": "y", "origin": [6.5, 0.5, 7.5]},
			"faces": {
				"north": {"uv": [0, 5, 0.1875, 5.0625], "texture": "#0"},
				"east": {"uv": [0, 4.9375, 0.1875, 5], "texture": "#0"},
				"south": {"uv": [0, 4.875, 0.1875, 4.9375], "texture": "#0"},
				"west": {"uv": [0, 4.8125, 0.1875, 4.875], "texture": "#0"},
				"up": {"uv": [0, 4, 0.1875, 4.1875], "texture": "#0"},
				"down": {"uv": [0, 3.8125, 0.1875, 4], "texture": "#0"}
			}
		},
		{
			"from": [6.5, 0.5, 6.5],
			"to": [9.5, 1.5, 9.5],
			"rotation": {"angle": -45, "axis": "y", "origin": [8, 1, 8]},
			"faces": {
				"north": {"uv": [0, 4.6875, 0.1875, 4.75], "texture": "#0"},
				"east": {"uv": [0, 4.625, 0.1875, 4.6875], "texture": "#0"},
				"south": {"uv": [0, 4.5625, 0.1875, 4.625], "texture": "#0"},
				"west": {"uv": [0, 4.75, 0.1875, 4.8125], "texture": "#0"},
				"up": {"uv": [0, 4.375, 0.1875, 4.5625], "rotation": 270, "texture": "#0"},
				"down": {"uv": [0, 4.1875, 0.1875, 4.375], "rotation": 90, "texture": "#0"}
			}
		},
		{
			"from": [6, 0, 6],
			"to": [10, 1, 10],
			"rotation": {"angle": 45, "axis": "y", "origin": [8, 0.5, 8]},
			"faces": {
				"north": {"uv": [0, 2.5, 0.25, 2.5625], "texture": "#0"},
				"east": {"uv": [0, 2.4375, 0.25, 2.5], "texture": "#0"},
				"south": {"uv": [0, 2.3125, 0.25, 2.375], "texture": "#0"},
				"west": {"uv": [0, 2.375, 0.25, 2.4375], "texture": "#0"},
				"up": {"uv": [0, 3.3125, 0.25, 3.5625], "rotation": 90, "texture": "#0"},
				"down": {"uv": [0, 2.8125, 0.25, 3.0625], "rotation": 270, "texture": "#0"}
			}
		}
	],
	"display": {
		"thirdperson_righthand": {
			"rotation": [81.52, 6, -0.62],
			"translation": [0, 2, 7]
		},
		"thirdperson_lefthand": {
			"rotation": [81.52, 6, -0.62],
			"translation": [0, 2, 7]
		},
		"firstperson_righthand": {
			"rotation": [5.25, 0.43, 4.5],
			"translation": [0, 10.5, 1.5]
		},
		"firstperson_lefthand": {
			"rotation": [5.25, 0.43, 4.5],
			"translation": [0, 10.5, 1.5]
		},
		"ground": {
			"translation": [0, 4.25, 0]
		},
		"gui": {
			"rotation": [48.41, 22.95, -13.03],
			"translation": [4.75, 15.75, 0],
			"scale": [3, 3, 3]
		},
		"head": {
			"translation": [0, 14.25, 0]
		},
		"fixed": {
			"rotation": [-90, 0, 0],
			"translation": [0, 0, -16],
			"scale": [2, 2, 2]
		}
	}
}