{
	"format_version": "1.9.0",
	"credit": "Made with Blockbench",
	"texture_size": [256, 256],
	"textures": {
		"particle": "custom/deco"
	},
	"elements": [
		{
			"from": [6, 0, 6],
			"to": [10, 1, 10],
			"rotation": {"angle": 0, "axis": "y", "origin": [7, 0, 7]},
			"color": 8,
			"faces": {
				"north": {"uv": [0, 0, 0.25, 0.0625], "texture": "#missing"},
				"east": {"uv": [0, 0, 0.25, 0.0625], "texture": "#missing"},
				"south": {"uv": [0, 0, 0.25, 0.0625], "texture": "#missing"},
				"west": {"uv": [0, 0, 0.25, 0.0625], "texture": "#missing"},
				"up": {"uv": [0, 0, 0.25, 0.25], "texture": "#missing"},
				"down": {"uv": [0, 0, 0.25, 0.25], "texture": "#missing"}
			}
		},
		{
			"from": [6.5, 1, 6.5],
			"to": [9.5, 2, 9.5],
			"rotation": {"angle": 0, "axis": "y", "origin": [6.5, 1, 7.5]},
			"color": 8,
			"faces": {
				"north": {"uv": [0, 0, 0.1875, 0.0625], "texture": "#missing"},
				"east": {"uv": [0, 0, 0.1875, 0.0625], "texture": "#missing"},
				"south": {"uv": [0, 0, 0.1875, 0.0625], "texture": "#missing"},
				"west": {"uv": [0, 0, 0.1875, 0.0625], "texture": "#missing"},
				"up": {"uv": [0, 0, 0.1875, 0.1875], "texture": "#missing"},
				"down": {"uv": [0, 0, 0.1875, 0.1875], "texture": "#missing"}
			}
		},
		{
			"from": [6, 0, 6],
			"to": [10, 1, 10],
			"rotation": {"angle": 45, "axis": "y", "origin": [8, 0.5, 8]},
			"color": 8,
			"faces": {
				"north": {"uv": [0, 0, 0.25, 0.0625], "texture": "#missing"},
				"east": {"uv": [0, 0, 0.25, 0.0625], "texture": "#missing"},
				"south": {"uv": [0, 0, 0.25, 0.0625], "texture": "#missing"},
				"west": {"uv": [0, 0, 0.25, 0.0625], "texture": "#missing"},
				"up": {"uv": [0, 0, 0.25, 0.25], "rotation": 90, "texture": "#missing"},
				"down": {"uv": [0, 0, 0.25, 0.25], "rotation": 270, "texture": "#missing"}
			}
		},
		{
			"from": [6, 2, 6],
			"to": [10, 3, 10],
			"rotation": {"angle": 0, "axis": "y", "origin": [7, 2, 7]},
			"color": 8,
			"faces": {
				"north": {"uv": [0, 0, 0.25, 0.0625], "texture": "#missing"},
				"east": {"uv": [0, 0, 0.25, 0.0625], "texture": "#missing"},
				"south": {"uv": [0, 0, 0.25, 0.0625], "texture": "#missing"},
				"west": {"uv": [0, 0, 0.25, 0.0625], "texture": "#missing"},
				"up": {"uv": [0, 0, 0.25, 0.25], "texture": "#missing"},
				"down": {"uv": [0, 0, 0.25, 0.25], "texture": "#missing"}
			}
		},
		{
			"from": [6, 2, 6],
			"to": [10, 3, 10],
			"rotation": {"angle": 45, "axis": "y", "origin": [8, 2.5, 8]},
			"color": 8,
			"faces": {
				"north": {"uv": [0, 0, 0.25, 0.0625], "texture": "#missing"},
				"east": {"uv": [0, 0, 0.25, 0.0625], "texture": "#missing"},
				"south": {"uv": [0, 0, 0.25, 0.0625], "texture": "#missing"},
				"west": {"uv": [0, 0, 0.25, 0.0625], "texture": "#missing"},
				"up": {"uv": [0, 0, 0.25, 0.25], "rotation": 90, "texture": "#missing"},
				"down": {"uv": [0, 0, 0.25, 0.25], "rotation": 270, "texture": "#missing"}
			}
		}
	]
}