{
	"format_version": "1.9.0",
	"credit": "Made with Blockbench",
	"texture_size": [256, 256],
	"textures": {
		"0": "custom/deco",
		"particle": "custom/deco"
	},
	"elements": [
		{
			"from": [6, 0, 3],
			"to": [10, 1, 13],
			"rotation": {"angle": 0, "axis": "y", "origin": [7, 0, 8]},
			"faces": {
				"north": {"uv": [3.875, 0.625, 4.125, 0.6875], "texture": "#0"},
				"east": {"uv": [3.5625, 0.75, 4.1875, 0.8125], "texture": "#0"},
				"south": {"uv": [3.625, 0.625, 3.875, 0.6875], "texture": "#0"},
				"west": {"uv": [3.5625, 0.6875, 4.1875, 0.75], "texture": "#0"},
				"up": {"uv": [3.625, 0, 3.875, 0.625], "texture": "#0"},
				"down": {"uv": [3.875, 0, 4.125, 0.625], "texture": "#0"}
			}
		}
	]
}