{
	"format_version": "1.9.0",
	"credit": "Made with Blockbench",
	"texture_size": [256, 256],
	"textures": {
		"0": "custom/deco",
		"particle": "custom/deco"
	},
	"elements": [
		{
			"from": [7.5, -4, 7],
			"to": [8.5, 6, 11],
			"rotation": {"angle": -22.5, "axis": "x", "origin": [7.5, 1, 8]},
			"faces": {
				"north": {"uv": [3.5625, 0.6875, 4.1875, 0.75], "rotation": 270, "texture": "#0"},
				"east": {"uv": [3.625, 0, 3.875, 0.625], "rotation": 180, "texture": "#0"},
				"south": {"uv": [3.5625, 0.75, 4.1875, 0.8125], "rotation": 90, "texture": "#0"},
				"west": {"uv": [3.875, 0, 4.125, 0.625], "texture": "#0"},
				"up": {"uv": [3.625, 0.625, 3.875, 0.6875], "rotation": 90, "texture": "#0"},
				"down": {"uv": [3.875, 0.625, 4.125, 0.6875], "rotation": 90, "texture": "#0"}
			}
		}
	],
	"display": {
		"thirdperson_righthand": {
			"translation": [0, 5.75, 0]
		},
		"thirdperson_lefthand": {
			"translation": [0, 5.75, 0]
		},
		"firstperson_righthand": {
			"translation": [0, 9, 1.5]
		},
		"firstperson_lefthand": {
			"translation": [1.25, 9.5, 0]
		},
		"ground": {
			"translation": [0, 9, 0]
		},
		"gui": {
			"rotation": [0, -49.25, 0],
			"translation": [1, 9.5, 0],
			"scale": [1.5, 1.5, 1.5]
		},
		"head": {
			"translation": [0, 15.25, -7.5]
		},
		"fixed": {
			"rotation": [-82.75, 0, 0],
			"translation": [0, -0.5, -14.25],
			"scale": [2, 2, 2]
		}
	}
}