{
	"format_version": "1.9.0",
	"credit": "Made with Blockbench",
	"texture_size": [256, 256],
	"textures": {
		"0": "custom/deco",
		"particle": "custom/deco"
	},
	"elements": [
		{
			"from": [7, 0, 6],
			"to": [8, 3, 10],
			"rotation": {"angle": 0, "axis": "y", "origin": [7, 1, 6]},
			"faces": {
				"north": {"uv": [4.4375, 0.375, 4.5, 0.5625], "texture": "#0"},
				"east": {"uv": [4.3125, 0.1875, 4.5625, 0.375], "texture": "#0"},
				"south": {"uv": [4.3125, 0.375, 4.375, 0.5625], "texture": "#0"},
				"west": {"uv": [4.3125, 0, 4.5625, 0.1875], "texture": "#0"},
				"up": {"uv": [4.5625, 0.25, 4.625, 0.5], "texture": "#0"},
				"down": {"uv": [4.5625, 0, 4.625, 0.25], "texture": "#0"}
			}
		},
		{
			"from": [7, 3, 7],
			"to": [8, 4, 10],
			"rotation": {"angle": 0, "axis": "y", "origin": [7, 2, 6]},
			"faces": {
				"north": {"uv": [4.4375, 0.6875, 4.5, 0.75], "texture": "#0"},
				"east": {"uv": [4.375, 0.5625, 4.5625, 0.625], "texture": "#0"},
				"south": {"uv": [4.4375, 0.75, 4.5, 0.8125], "texture": "#0"},
				"west": {"uv": [4.375, 0.625, 4.5625, 0.6875], "texture": "#0"},
				"up": {"uv": [4.5625, 0.6875, 4.625, 0.875], "texture": "#0"},
				"down": {"uv": [4.5625, 0.5, 4.625, 0.6875], "texture": "#0"}
			}
		}
	],
	"display": {
		"thirdperson_righthand": {
			"rotation": [13, 0, 0],
			"translation": [0, 7, 2.25]
		},
		"thirdperson_lefthand": {
			"rotation": [13, 0, 0],
			"translation": [0, 7, 2.25]
		},
		"firstperson_righthand": {
			"rotation": [-6.5, 0, 8.5],
			"translation": [-0.5, 9.5, 1.75]
		},
		"firstperson_lefthand": {
			"rotation": [-6.5, 0, 8.5],
			"translation": [-0.5, 9.5, 1.75]
		},
		"ground": {
			"translation": [0, 4.25, 0]
		},
		"gui": {
			"rotation": [120.72, 55.2, -144.21],
			"translation": [3, 10.25, 0],
			"scale": [2, 2, 2]
		},
		"head": {
			"rotation": [-90, 0, 0],
			"translation": [0, -2.25, -14.5]
		},
		"fixed": {
			"rotation": [-76.25, 0, 0],
			"translation": [0, 3.5, -15.5],
			"scale": [2, 2, 2]
		}
	}
}