{
	"format_version": "1.9.0",
	"credit": "Made with Blockbench",
	"texture_size": [256, 256],
	"textures": {
		"0": "custom/deco",
		"particle": "custom/deco"
	},
	"elements": [
		{
			"from": [7, 0, 6],
			"to": [9, 1, 10],
			"rotation": {"angle": 0, "axis": "y", "origin": [7, 0, 7]},
			"faces": {
				"north": {"uv": [2.6875, 0.125, 2.8125, 0.1875], "texture": "#0"},
				"east": {"uv": [2.5625, 0, 2.8125, 0.0625], "texture": "#0"},
				"south": {"uv": [2.5625, 0.125, 2.6875, 0.1875], "texture": "#0"},
				"west": {"uv": [2.5625, 0.0625, 2.8125, 0.125], "texture": "#0"},
				"up": {"uv": [2.5625, 0.1875, 2.6875, 0.4375], "texture": "#0"},
				"down": {"uv": [2.6875, 0.1875, 2.8125, 0.4375], "texture": "#0"}
			}
		},
		{
			"from": [9, 0, 7],
			"to": [10, 1, 9],
			"rotation": {"angle": 0, "axis": "y", "origin": [8, 0, 7]},
			"faces": {
				"north": {"uv": [3, 0.0625, 3.0625, 0.125], "texture": "#0"},
				"east": {"uv": [2.8125, 0.1875, 2.9375, 0.25], "texture": "#0"},
				"south": {"uv": [3, 0, 3.0625, 0.0625], "texture": "#0"},
				"west": {"uv": [2.8125, 0.125, 2.9375, 0.1875], "texture": "#0"},
				"up": {"uv": [2.9375, 0.125, 3, 0.25], "texture": "#0"},
				"down": {"uv": [2.9375, 0.25, 3, 0.375], "texture": "#0"}
			}
		},
		{
			"from": [6, 0, 7],
			"to": [7, 1, 9],
			"rotation": {"angle": 0, "axis": "y", "origin": [5, 0, 7]},
			"faces": {
				"north": {"uv": [2.9375, 0, 3, 0.0625], "texture": "#0"},
				"east": {"uv": [2.8125, 0.0625, 2.9375, 0.125], "texture": "#0"},
				"south": {"uv": [2.9375, 0.0625, 3, 0.125], "texture": "#0"},
				"west": {"uv": [2.8125, 0, 2.9375, 0.0625], "texture": "#0"},
				"up": {"uv": [2.875, 0.25, 2.9375, 0.375], "texture": "#0"},
				"down": {"uv": [2.8125, 0.25, 2.875, 0.375], "texture": "#0"}
			}
		}
	],
	"display": {
		"thirdperson_righthand": {
			"rotation": [90.95, 13.57, -5.8],
			"translation": [0, 0.25, 7.25]
		},
		"thirdperson_lefthand": {
			"rotation": [90.95, 13.57, -5.8],
			"translation": [0, 0.25, 7.25]
		},
		"firstperson_righthand": {
			"rotation": [13.5, 0, 11.75],
			"translation": [0, 12.25, 2.75],
			"scale": [1.5, 1.5, 1.5]
		},
		"firstperson_lefthand": {
			"rotation": [13.5, 0, 11.75],
			"translation": [0, 12.25, 2.75],
			"scale": [1.5, 1.5, 1.5]
		},
		"ground": {
			"translation": [0, 4.25, 0]
		},
		"gui": {
			"rotation": [32.49, 11.44, -7.22],
			"translation": [2, 12.5, 0],
			"scale": [2, 2, 2]
		},
		"head": {
			"rotation": [-90, 0, 0],
			"translation": [3.5, -2.75, -14.5]
		},
		"fixed": {
			"rotation": [-90, 0, 0],
			"translation": [0, 0, -7.75]
		}
	}
}