{
	"format_version": "1.9.0",
	"credit": "Made with Blockbench",
	"texture_size": [256, 256],
	"textures": {
		"0": "custom/deco",
		"particle": "custom/deco"
	},
	"elements": [
		{
			"from": [6, 0, 6],
			"to": [10, 2, 10],
			"rotation": {"angle": 0, "axis": "y", "origin": [7, 0, 7]},
			"faces": {
				"north": {"uv": [2.0625, 0, 2.3125, 0.125], "texture": "#0"},
				"east": {"uv": [2.0625, 0.875, 2.3125, 1], "texture": "#0"},
				"south": {"uv": [2.0625, 0.75, 2.3125, 0.875], "texture": "#0"},
				"west": {"uv": [2.0625, 0.125, 2.3125, 0.25], "texture": "#0"},
				"up": {"uv": [2.0625, 0.25, 2.3125, 0.5], "texture": "#0"},
				"down": {"uv": [2.0625, 0.5, 2.3125, 0.75], "texture": "#0"}
			}
		},
		{
			"from": [5.5, 2, 5.5],
			"to": [10.5, 6, 10.5],
			"rotation": {"angle": 0, "axis": "y", "origin": [6.5, 3, 6.5]},
			"faces": {
				"north": {"uv": [1.75, 0, 2.0625, 0.25], "texture": "#0"},
				"east": {"uv": [1.75, 0.75, 2.0625, 1], "texture": "#0"},
				"south": {"uv": [1.75, 0.5, 2.0625, 0.75], "texture": "#0"},
				"west": {"uv": [1.75, 0.25, 2.0625, 0.5], "texture": "#0"},
				"up": {"uv": [1.75, 1.3125, 2.0625, 1.625], "texture": "#0"},
				"down": {"uv": [1.75, 1, 2.0625, 1.3125], "texture": "#0"}
			}
		},
		{
			"from": [7, 6.4, 7.9],
			"to": [9, 6.4, 9.9],
			"rotation": {"angle": -22.5, "axis": "x", "origin": [8, 6.4, 8.9]},
			"faces": {
				"north": {"uv": [0, 0, 0.125, 0], "texture": "#0"},
				"east": {"uv": [0, 0, 0.125, 0], "texture": "#0"},
				"south": {"uv": [0, 0, 0.125, 0], "texture": "#0"},
				"west": {"uv": [0, 0, 0.125, 0], "texture": "#0"},
				"up": {"uv": [2.4375, 0.125, 2.3125, 0], "texture": "#0"},
				"down": {"uv": [2.4375, 0.25, 2.3125, 0.125], "texture": "#0"}
			}
		},
		{
			"from": [6.1, 6.4, 7],
			"to": [8.1, 6.4, 9],
			"rotation": {"angle": -22.5, "axis": "z", "origin": [7.1, 6.4, 8]},
			"faces": {
				"north": {"uv": [2.4375, 0, 2.5625, 0], "texture": "#0"},
				"east": {"uv": [2.4375, 0, 2.5625, 0], "texture": "#0"},
				"south": {"uv": [2.4375, 0, 2.5625, 0], "texture": "#0"},
				"west": {"uv": [2.4375, 0, 2.5625, 0], "texture": "#0"},
				"up": {"uv": [2.4375, 0, 2.5625, 0.125], "rotation": 270, "texture": "#0"},
				"down": {"uv": [2.4375, 0.125, 2.5625, 0.25], "rotation": 90, "texture": "#0"}
			}
		},
		{
			"from": [7.9, 6.4, 7],
			"to": [9.9, 6.4, 9],
			"rotation": {"angle": 22.5, "axis": "z", "origin": [8.9, 6.4, 8]},
			"faces": {
				"north": {"uv": [2.4375, 0, 2.5625, 0], "texture": "#0"},
				"east": {"uv": [2.4375, 0, 2.5625, 0], "texture": "#0"},
				"south": {"uv": [2.4375, 0, 2.5625, 0], "texture": "#0"},
				"west": {"uv": [2.4375, 0, 2.5625, 0], "texture": "#0"},
				"up": {"uv": [2.5625, 0.125, 2.4375, 0], "rotation": 270, "texture": "#0"},
				"down": {"uv": [2.5625, 0.25, 2.4375, 0.125], "rotation": 90, "texture": "#0"}
			}
		},
		{
			"from": [7, 6.4, 6.1],
			"to": [9, 6.4, 8.1],
			"rotation": {"angle": 22.5, "axis": "x", "origin": [8, 6.4, 7.1]},
			"faces": {
				"north": {"uv": [2.3125, 0, 2.4375, 0], "texture": "#0"},
				"east": {"uv": [2.3125, 0, 2.4375, 0], "texture": "#0"},
				"south": {"uv": [2.3125, 0, 2.4375, 0], "texture": "#0"},
				"west": {"uv": [2.3125, 0, 2.4375, 0], "texture": "#0"},
				"up": {"uv": [2.3125, 0, 2.4375, 0.125], "texture": "#0"},
				"down": {"uv": [2.3125, 0.125, 2.4375, 0.25], "texture": "#0"}
			}
		}
	],
	"display": {
		"thirdperson_righthand": {
			"rotation": [63.5, 0, 0],
			"translation": [0, 2.25, 4],
			"scale": [0.9, 0.9, 0.9]
		},
		"thirdperson_lefthand": {
			"rotation": [63.5, 0, 0],
			"translation": [0, 2.25, 4],
			"scale": [0.9, 0.9, 0.9]
		},
		"firstperson_righthand": {
			"rotation": [0, -14, 0],
			"translation": [0.25, 7.25, 0.5]
		},
		"firstperson_lefthand": {
			"rotation": [0, -14, 0],
			"translation": [0.25, 7.25, 0.5]
		},
		"ground": {
			"translation": [0, 4.5, 0]
		},
		"gui": {
			"rotation": [15.96, 27.57, -3.21],
			"translation": [0.25, 9, 0],
			"scale": [2, 2, 2]
		},
		"head": {
			"translation": [0, 10.25, 0],
			"scale": [2, 2, 2]
		},
		"fixed": {
			"rotation": [-90, 0, 0],
			"translation": [0, 0, -8]
		}
	}
}