{
	"format_version": "1.9.0",
	"credit": "Made with Blockbench",
	"texture_size": [256, 256],
	"textures": {
		"0": "custom/deco",
		"particle": "custom/deco"
	},
	"elements": [
		{
			"from": [6, 0, 6],
			"to": [10, 2, 10],
			"rotation": {"angle": 0, "axis": "y", "origin": [8, 1, 8]},
			"faces": {
				"north": {"uv": [1, 0, 1.25, 0.125], "texture": "#0"},
				"east": {"uv": [1, 0.375, 1.25, 0.5], "texture": "#0"},
				"south": {"uv": [1, 0.25, 1.25, 0.375], "texture": "#0"},
				"west": {"uv": [1, 0.125, 1.25, 0.25], "texture": "#0"},
				"up": {"uv": [1.25, 0, 1.5, 0.25], "texture": "#0"},
				"down": {"uv": [1.25, 0.25, 1.5, 0.5], "texture": "#0"}
			}
		},
		{
			"from": [7.5, 3, 8],
			"to": [8.5, 4, 8],
			"rotation": {"angle": -22.5, "axis": "z", "origin": [8, 3.5, 8]},
			"faces": {
				"north": {"uv": [1.5, 0.25, 1.5625, 0.3125], "texture": "#0"},
				"east": {"uv": [0, 0, 0, 0.0625], "texture": "#0"},
				"south": {"uv": [1.5625, 0.25, 1.625, 0.3125], "texture": "#0"},
				"west": {"uv": [0, 0, 0, 0.0625], "texture": "#0"},
				"up": {"uv": [0, 0, 0, 0.0625], "rotation": 270, "texture": "#0"},
				"down": {"uv": [0, 0, 0, 0.0625], "rotation": 90, "texture": "#0"}
			}
		},
		{
			"from": [7, 2, 7],
			"to": [9, 3, 9],
			"rotation": {"angle": 45, "axis": "y", "origin": [8, 2.5, 8]},
			"faces": {
				"north": {"uv": [1.5, 0, 1.625, 0.0625], "texture": "#0"},
				"east": {"uv": [1.5, 0.1875, 1.625, 0.25], "texture": "#0"},
				"south": {"uv": [1.5, 0.125, 1.625, 0.1875], "texture": "#0"},
				"west": {"uv": [1.5, 0.0625, 1.625, 0.125], "texture": "#0"},
				"up": {"uv": [1.625, 0.125, 1.75, 0.25], "texture": "#0"},
				"down": {"uv": [1.625, 0, 1.75, 0.125], "texture": "#0"}
			}
		}
	],
	"display": {
		"thirdperson_righthand": {
			"rotation": [61.88, 11.14, 1.14],
			"translation": [-1, 3.75, 5.25]
		},
		"thirdperson_lefthand": {
			"rotation": [61.88, 11.14, 1.14],
			"translation": [-1, 3.75, 5.25]
		},
		"firstperson_righthand": {
			"rotation": [180, -13.25, 180],
			"translation": [0, 9, 1.25]
		},
		"firstperson_lefthand": {
			"rotation": [-180, -13.25, -180],
			"translation": [0, 9, 1.25]
		},
		"ground": {
			"translation": [0, 4.5, 0]
		},
		"gui": {
			"rotation": [19.49, 12, 1.28],
			"translation": [0, 12, 0],
			"scale": [2, 2, 2]
		},
		"head": {
			"translation": [0, 14.5, 0]
		},
		"fixed": {
			"rotation": [-90, 0, 0],
			"translation": [0, 0, -8]
		}
	}
}