{
	"format_version": "1.21.6",
	"credit": "Made with Blockbench",
	"textures": {
		"0": "custom/blocks/postit",
		"particle": "custom/blocks/postit"
	},
	"elements": [
		{
			"from": [6.44315, 9.80696, 15.7],
			"to": [7.44315, 10.80696, 15.7],
			"rotation": {"angle": 22.5, "axis": "z", "origin": [8, 5.01903, 7.90866]},
			"faces": {
				"north": {"uv": [1, 8, 0, 9], "texture": "#0"}
			}
		},
		{
			"from": [14.07817, 4.61772, 15.7],
			"to": [15.07817, 5.61772, 15.7],
			"rotation": {"angle": -22.5, "axis": "z", "origin": [15, 8.01903, 7.90866]},
			"faces": {
				"north": {"uv": [2, 9, 3, 8], "rotation": 90, "texture": "#0"}
			}
		},
		{
			"from": [3, 7.90736, 14.53361],
			"to": [7, 9.90736, 14.53361],
			"rotation": {"angle": 22.5, "axis": "x", "origin": [8, 5.01903, 7.90866]},
			"faces": {
				"north": {"uv": [11, 0, 7, 2], "texture": "#0"},
				"east": {"uv": [0, 0, 0, 2], "texture": "#0"},
				"south": {"uv": [4, 6, 0, 8], "texture": "#0"},
				"west": {"uv": [0, 0, 0, 2], "texture": "#0"},
				"up": {"uv": [4, 0, 0, 0], "texture": "#0"},
				"down": {"uv": [4, 0, 0, 0], "texture": "#0"}
			}
		},
		{
			"from": [12, 3, 15.9],
			"to": [15, 6, 15.9],
			"rotation": {"angle": 0, "axis": "y", "origin": [15, 8.01903, 7.90866]},
			"faces": {
				"north": {"uv": [7, 0, 4, 3], "texture": "#0"},
				"east": {"uv": [0, 0, 0, 3], "texture": "#0"},
				"west": {"uv": [0, 0, 0, 3], "texture": "#0"},
				"up": {"uv": [3, 0, 0, 0], "texture": "#0"},
				"down": {"uv": [3, 0, 0, 0], "texture": "#0"}
			}
		},
		{
			"from": [12, 5.4402, 17.2124],
			"to": [15, 6.4402, 17.2124],
			"rotation": {"angle": 22.5, "axis": "x", "origin": [15, 8.01903, 7.90866]},
			"faces": {
				"north": {"uv": [7, 7, 4, 8], "texture": "#0"},
				"east": {"uv": [0, 0, 0, 1], "texture": "#0"},
				"south": {"uv": [10, 2, 7, 3], "texture": "#0"},
				"west": {"uv": [0, 0, 0, 1], "texture": "#0"},
				"up": {"uv": [3, 0, 0, 0], "texture": "#0"},
				"down": {"uv": [3, 0, 0, 0], "texture": "#0"}
			}
		},
		{
			"from": [3, 7, 15.9],
			"to": [7, 10, 15.9],
			"rotation": {"angle": 0, "axis": "y", "origin": [8, 5, 8]},
			"faces": {
				"north": {"uv": [4, 3, 0, 6], "texture": "#0"},
				"east": {"uv": [0, 0, 0, 3], "texture": "#0"},
				"west": {"uv": [0, 0, 0, 3], "texture": "#0"},
				"up": {"uv": [4, 0, 0, 0], "texture": "#0"},
				"down": {"uv": [4, 0, 0, 0], "texture": "#0"}
			}
		}
	],
	"display": {
		"firstperson_righthand": {
			"translation": [8.5, 0, 0]
		},
		"firstperson_lefthand": {
			"translation": [8.5, 0, 0]
		},
		"head": {
			"rotation": [-180, 0, -180],
			"translation": [0, 0, -14.5]
		},
		"fixed": {
			"rotation": [-180, 0, -180],
			"translation": [0, 0, -16],
			"scale": [2, 2, 2]
		}
	}
}