{
	"format_version": "1.21.6",
	"credit": "Made with Blockbench",
	"textures": {
		"0": "custom/blocks/postit",
		"particle": "custom/blocks/postit"
	},
	"elements": [
		{
			"from": [6.44315, 12.80696, 15.7],
			"to": [7.44315, 13.80696, 15.7],
			"rotation": {"angle": 22.5, "axis": "z", "origin": [8, 8.01903, 7.90866]},
			"faces": {
				"north": {"uv": [1, 8, 0, 9], "texture": "#0"}
			}
		},
		{
			"from": [9.25431, 5.0307, 15.7],
			"to": [10.25431, 6.0307, 15.7],
			"rotation": {"angle": 45, "axis": "z", "origin": [8, 8.01903, 7.90866]},
			"faces": {
				"north": {"uv": [1, 9, 2, 8], "rotation": 90, "texture": "#0"}
			}
		},
		{
			"from": [7.07817, 4.61772, 15.7],
			"to": [8.07817, 5.61772, 15.7],
			"rotation": {"angle": -22.5, "axis": "z", "origin": [8, 8.01903, 7.90866]},
			"faces": {
				"north": {"uv": [2, 9, 3, 8], "rotation": 90, "texture": "#0"}
			}
		},
		{
			"from": [3, 10.90736, 14.53361],
			"to": [7, 12.90736, 14.53361],
			"rotation": {"angle": 22.5, "axis": "x", "origin": [8, 8.01903, 7.90866]},
			"faces": {
				"north": {"uv": [11, 0, 7, 2], "texture": "#0"},
				"east": {"uv": [0, 0, 0, 2], "texture": "#0"},
				"south": {"uv": [4, 6, 0, 8], "texture": "#0"},
				"west": {"uv": [0, 0, 0, 2], "texture": "#0"},
				"up": {"uv": [4, 0, 0, 0], "texture": "#0"},
				"down": {"uv": [4, 0, 0, 0], "texture": "#0"}
			}
		},
		{
			"from": [9, 6.28796, 16.44703],
			"to": [13, 8.28796, 16.44703],
			"rotation": {"angle": 22.5, "axis": "x", "origin": [8, 8.01903, 7.90866]},
			"faces": {
				"north": {"uv": [8, 5, 4, 7], "texture": "#0"},
				"east": {"uv": [0, 0, 0, 2], "texture": "#0"},
				"south": {"uv": [8, 3, 4, 5], "texture": "#0"},
				"west": {"uv": [0, 0, 0, 2], "texture": "#0"},
				"up": {"uv": [4, 0, 0, 0], "texture": "#0"},
				"down": {"uv": [4, 0, 0, 0], "texture": "#0"}
			}
		},
		{
			"from": [9, 5, 15.9],
			"to": [13, 8, 15.9],
			"rotation": {"angle": 0, "axis": "y", "origin": [8, 8.01903, 7.90866]},
			"faces": {
				"north": {"uv": [4, 0, 0, 3], "texture": "#0"},
				"east": {"uv": [0, 0, 0, 3], "texture": "#0"},
				"west": {"uv": [0, 0, 0, 3], "texture": "#0"},
				"up": {"uv": [4, 0, 0, 0], "texture": "#0"},
				"down": {"uv": [4, 0, 0, 0], "texture": "#0"}
			}
		},
		{
			"from": [5, 3, 15.9],
			"to": [8, 6, 15.9],
			"rotation": {"angle": 0, "axis": "y", "origin": [8, 8.01903, 7.90866]},
			"faces": {
				"north": {"uv": [7, 0, 4, 3], "texture": "#0"},
				"east": {"uv": [0, 0, 0, 3], "texture": "#0"},
				"west": {"uv": [0, 0, 0, 3], "texture": "#0"},
				"up": {"uv": [3, 0, 0, 0], "texture": "#0"},
				"down": {"uv": [3, 0, 0, 0], "texture": "#0"}
			}
		},
		{
			"from": [5, 5.4402, 17.2124],
			"to": [8, 6.4402, 17.2124],
			"rotation": {"angle": 22.5, "axis": "x", "origin": [8, 8.01903, 7.90866]},
			"faces": {
				"north": {"uv": [7, 7, 4, 8], "texture": "#0"},
				"east": {"uv": [0, 0, 0, 1], "texture": "#0"},
				"south": {"uv": [10, 2, 7, 3], "texture": "#0"},
				"west": {"uv": [0, 0, 0, 1], "texture": "#0"},
				"up": {"uv": [3, 0, 0, 0], "texture": "#0"},
				"down": {"uv": [3, 0, 0, 0], "texture": "#0"}
			}
		},
		{
			"from": [3, 10, 15.9],
			"to": [7, 13, 15.9],
			"rotation": {"angle": 0, "axis": "y", "origin": [8, 8, 8]},
			"faces": {
				"north": {"uv": [4, 3, 0, 6], "texture": "#0"},
				"east": {"uv": [0, 0, 0, 3], "texture": "#0"},
				"west": {"uv": [0, 0, 0, 3], "texture": "#0"},
				"up": {"uv": [4, 0, 0, 0], "texture": "#0"},
				"down": {"uv": [4, 0, 0, 0], "texture": "#0"}
			}
		}
	],
	"display": {
		"firstperson_righthand": {
			"translation": [8.5, 0, 0]
		},
		"firstperson_lefthand": {
			"translation": [8.5, 0, 0]
		},
		"head": {
			"rotation": [-180, 0, -180],
			"translation": [0, 0, -14.5]
		},
		"fixed": {
			"rotation": [-180, 0, -180],
			"translation": [0, 0, -16],
			"scale": [2, 2, 2]
		}
	}
}