{
	"format_version": "1.21.6",
	"credit": "Made with Blockbench",
	"textures": {
		"0": "custom/blocks/postit",
		"particle": "custom/blocks/postit"
	},
	"elements": [
		{
			"from": [5.44315, 7.80696, 15.7],
			"to": [6.44315, 8.80696, 15.7],
			"rotation": {"angle": 22.5, "axis": "z", "origin": [7, 3.01903, 7.90866]},
			"faces": {
				"north": {"uv": [1, 8, 0, 9], "texture": "#0"}
			}
		},
		{
			"from": [11.07817, 12.61772, 15.7],
			"to": [12.07817, 13.61772, 15.7],
			"rotation": {"angle": -22.5, "axis": "z", "origin": [12, 16.01903, 7.90866]},
			"faces": {
				"north": {"uv": [2, 9, 3, 8], "rotation": 90, "texture": "#0"}
			}
		},
		{
			"from": [2, 5.90736, 14.53361],
			"to": [6, 7.90736, 14.53361],
			"rotation": {"angle": 22.5, "axis": "x", "origin": [7, 3.01903, 7.90866]},
			"faces": {
				"north": {"uv": [11, 0, 7, 2], "texture": "#0"},
				"east": {"uv": [0, 0, 0, 2], "texture": "#0"},
				"south": {"uv": [4, 6, 0, 8], "texture": "#0"},
				"west": {"uv": [0, 0, 0, 2], "texture": "#0"},
				"up": {"uv": [4, 0, 0, 0], "texture": "#0"},
				"down": {"uv": [4, 0, 0, 0], "texture": "#0"}
			}
		},
		{
			"from": [9, 11, 15.9],
			"to": [12, 14, 15.9],
			"rotation": {"angle": 0, "axis": "y", "origin": [12, 16.01903, 7.90866]},
			"faces": {
				"north": {"uv": [7, 0, 4, 3], "texture": "#0"},
				"east": {"uv": [0, 0, 0, 3], "texture": "#0"},
				"west": {"uv": [0, 0, 0, 3], "texture": "#0"},
				"up": {"uv": [3, 0, 0, 0], "texture": "#0"},
				"down": {"uv": [3, 0, 0, 0], "texture": "#0"}
			}
		},
		{
			"from": [9, 13.4402, 17.2124],
			"to": [12, 14.4402, 17.2124],
			"rotation": {"angle": 22.5, "axis": "x", "origin": [12, 16.01903, 7.90866]},
			"faces": {
				"north": {"uv": [7, 7, 4, 8], "texture": "#0"},
				"east": {"uv": [0, 0, 0, 1], "texture": "#0"},
				"south": {"uv": [10, 2, 7, 3], "texture": "#0"},
				"west": {"uv": [0, 0, 0, 1], "texture": "#0"},
				"up": {"uv": [3, 0, 0, 0], "texture": "#0"},
				"down": {"uv": [3, 0, 0, 0], "texture": "#0"}
			}
		},
		{
			"from": [2, 5, 15.9],
			"to": [6, 8, 15.9],
			"rotation": {"angle": 0, "axis": "y", "origin": [7, 3, 8]},
			"faces": {
				"north": {"uv": [4, 3, 0, 6], "texture": "#0"},
				"east": {"uv": [0, 0, 0, 3], "texture": "#0"},
				"west": {"uv": [0, 0, 0, 3], "texture": "#0"},
				"up": {"uv": [4, 0, 0, 0], "texture": "#0"},
				"down": {"uv": [4, 0, 0, 0], "texture": "#0"}
			}
		},
		{
			"from": [10, 6.90736, 14.53361],
			"to": [14, 8.90736, 14.53361],
			"rotation": {"angle": 22.5, "axis": "x", "origin": [15, 4.01903, 7.90866]},
			"faces": {
				"north": {"uv": [8, 5, 4, 7], "texture": "#0"},
				"east": {"uv": [0, 0, 0, 2], "texture": "#0"},
				"south": {"uv": [4, 6, 0, 8], "texture": "#0"},
				"west": {"uv": [0, 0, 0, 2], "texture": "#0"},
				"up": {"uv": [4, 0, 0, 0], "texture": "#0"},
				"down": {"uv": [4, 0, 0, 0], "texture": "#0"}
			}
		},
		{
			"from": [13.44315, 8.80696, 15.7],
			"to": [14.44315, 9.80696, 15.7],
			"rotation": {"angle": 22.5, "axis": "z", "origin": [15, 4.01903, 7.90866]},
			"faces": {
				"north": {"uv": [2, 8, 1, 9], "texture": "#0"}
			}
		},
		{
			"from": [10, 6, 15.9],
			"to": [14, 9, 15.9],
			"rotation": {"angle": 0, "axis": "y", "origin": [15, 4, 8]},
			"faces": {
				"north": {"uv": [4, 0, 0, 3], "texture": "#0"},
				"east": {"uv": [0, 0, 0, 3], "texture": "#0"},
				"west": {"uv": [0, 0, 0, 3], "texture": "#0"},
				"up": {"uv": [4, 0, 0, 0], "texture": "#0"},
				"down": {"uv": [4, 0, 0, 0], "texture": "#0"}
			}
		}
	],
	"display": {
		"firstperson_righthand": {
			"translation": [8.5, 0, 0]
		},
		"firstperson_lefthand": {
			"translation": [8.5, 0, 0]
		},
		"head": {
			"rotation": [-180, 0, -180],
			"translation": [0, 0, -14.5]
		},
		"fixed": {
			"rotation": [-180, 0, -180],
			"translation": [0, 0, -16],
			"scale": [2, 2, 2]
		}
	}
}