{
	"format_version": "1.21.6",
	"credit": "Made with Blockbench",
	"parent": "block/block",
	"texture_size": [256, 256],
	"textures": {
		"0": "custom/deco",
		"particle": "custom/deco"
	},
	"elements": [
		{
			"from": [7, 0, 7],
			"to": [9, 6, 9],
			"faces": {
				"north": {"uv": [0, 1.8125, 0.125, 2.1875], "texture": "#0"},
				"east": {"uv": [0, 1.8125, 0.125, 2.1875], "texture": "#0"},
				"south": {"uv": [0, 1.8125, 0.125, 2.1875], "texture": "#0"},
				"west": {"uv": [0, 1.8125, 0.125, 2.1875], "texture": "#0"},
				"up": {"uv": [0, 1.6875, 0.125, 1.8125], "texture": "#0"},
				"down": {"uv": [0, 2.1875, 0.125, 2.3125], "texture": "#0", "cullface": "down"}
			}
		},
		{
			"from": [7.5, 6, 8],
			"to": [8.5, 7, 8],
			"rotation": {"angle": 45, "axis": "y", "origin": [8, 6, 8]},
			"faces": {
				"north": {"uv": [0, 1.625, 0.0625, 1.6875], "texture": "#0"},
				"south": {"uv": [0, 1.625, 0.0625, 1.6875], "texture": "#0"}
			}
		},
		{
			"from": [7.5, 6, 8],
			"to": [8.5, 7, 8],
			"rotation": {"angle": -45, "axis": "y", "origin": [8, 6, 8]},
			"faces": {
				"north": {"uv": [0, 1.625, 0.0625, 1.6875], "texture": "#0"},
				"south": {"uv": [0, 1.625, 0.0625, 1.6875], "texture": "#0"}
			}
		}
	],
	"display": {
		"thirdperson_righthand": {
			"rotation": [19, 0, 0],
			"translation": [0, 4.25, 1.25]
		},
		"thirdperson_lefthand": {
			"rotation": [19, 0, 0],
			"translation": [0, 4.25, 1.25]
		},
		"firstperson_righthand": {
			"rotation": [-6.75, 0, 0],
			"translation": [0.75, 6.75, 0.25]
		},
		"firstperson_lefthand": {
			"rotation": [-6.75, 0, 0],
			"translation": [0.75, 6.75, 0.25]
		},
		"ground": {
			"translation": [0, 4, 0]
		},
		"gui": {
			"rotation": [21.28, 14.89, -11.3],
			"translation": [2, 8.75, 0],
			"scale": [2, 2, 2]
		},
		"fixed": {
			"rotation": [-90, 0, 0],
			"translation": [0, 0, -8]
		}
	}
}