{
	"format_version": "1.9.0",
	"credit": "Made with Blockbench",
	"textures": {
		"2": "custom/blocks/counterside",
		"3": "custom/blocks/countertop",
		"particle": "custom/blocks/counterside"
	},
	"elements": [
		{
			"from": [0, 0, 0],
			"to": [16, 16, 16],
			"faces": {
				"north": {"uv": [0, 0, 16, 16], "texture": "#2"},
				"east": {"uv": [0, 0, 16, 16], "texture": "#2"},
				"south": {"uv": [0, 0, 16, 16], "texture": "#2"},
				"west": {"uv": [0, 0, 16, 16], "texture": "#2"},
				"up": {"uv": [0, 0, 16, 16], "texture": "#3"},
				"down": {"uv": [16, 0, 0, 16], "texture": "#2"}
			}
		}
	]
}