{
	"format_version": "1.9.0",
	"credit": "Made with Blockbench",
	"texture_size": [128, 128],
	"textures": {
		"0": "custom/cakebase",
		"particle": "custom/cakebase"
	},
	"elements": [
		{
			"from": [-2, 0, -2],
			"to": [18, 16, 18],
			"rotation": {"angle": 0, "axis": "y", "origin": [-16, 0, 0]},
			"faces": {
				"north": {"uv": [6, 2, 7.25, 3], "texture": "#0"},
				"east": {"uv": [6, 2, 7.25, 3], "texture": "#0"},
				"south": {"uv": [6, 2, 7.25, 3], "texture": "#0"},
				"west": {"uv": [6, 2, 7.25, 3], "texture": "#0"},
				"up": {"uv": [7.25, 2, 6, 0.75], "texture": "#0"},
				"down": {"uv": [0.125, 6.75, 0, 6.875], "texture": "#0"}
			}
		}
	],
	"display": {
		"fixed": {
			"rotation": [-90, 0, 0],
			"translation": [0, 0, -8]
		}
	}
}