{
    "parent": "block/cake",
    "overrides": [
      {"predicate": {"custom_model_data":1}, "model": "cake/layer1/blue"},
      {"predicate": {"custom_model_data":2}, "model": "cake/layer1/brown"},
      {"predicate": {"custom_model_data":3}, "model": "cake/layer1/cyan"},
      {"predicate": {"custom_model_data":4}, "model": "cake/layer1/gray"},
      {"predicate": {"custom_model_data":5}, "model": "cake/layer1/green"},
      {"predicate": {"custom_model_data":6}, "model": "cake/layer1/lightblue"},
      {"predicate": {"custom_model_data":7}, "model": "cake/layer1/lime"},
      {"predicate": {"custom_model_data":8}, "model": "cake/layer1/magenta"},
      {"predicate": {"custom_model_data":9}, "model": "cake/layer1/orange"},
      {"predicate": {"custom_model_data":10}, "model": "cake/layer1/pink"},
      {"predicate": {"custom_model_data":11}, "model": "cake/layer1/purple"},
      {"predicate": {"custom_model_data":12}, "model": "cake/layer1/red"},
      {"predicate": {"custom_model_data":13}, "model": "cake/layer1/white"},
      {"predicate": {"custom_model_data":14}, "model": "cake/layer1/yellow"},

      {"predicate": {"custom_model_data":15}, "model": "cake/layer2/blue"},
      {"predicate": {"custom_model_data":16}, "model": "cake/layer2/brown"},
      {"predicate": {"custom_model_data":17}, "model": "cake/layer2/cyan"},
      {"predicate": {"custom_model_data":18}, "model": "cake/layer2/gray"},
      {"predicate": {"custom_model_data":19}, "model": "cake/layer2/green"},
      {"predicate": {"custom_model_data":20}, "model": "cake/layer2/lightblue"},
      {"predicate": {"custom_model_data":21}, "model": "cake/layer2/lime"},
      {"predicate": {"custom_model_data":22}, "model": "cake/layer2/magenta"},
      {"predicate": {"custom_model_data":23}, "model": "cake/layer2/orange"},
      {"predicate": {"custom_model_data":24}, "model": "cake/layer2/pink"},
      {"predicate": {"custom_model_data":25}, "model": "cake/layer2/purple"},
      {"predicate": {"custom_model_data":26}, "model": "cake/layer2/red"},
      {"predicate": {"custom_model_data":27}, "model": "cake/layer2/white"},
      {"predicate": {"custom_model_data":28}, "model": "cake/layer2/yellow"},

      {"predicate": {"custom_model_data":29}, "model": "cake/layer3/blue"},
      {"predicate": {"custom_model_data":30}, "model": "cake/layer3/brown"},
      {"predicate": {"custom_model_data":31}, "model": "cake/layer3/cyan"},
      {"predicate": {"custom_model_data":32}, "model": "cake/layer3/gray"},
      {"predicate": {"custom_model_data":33}, "model": "cake/layer3/green"},
      {"predicate": {"custom_model_data":34}, "model": "cake/layer3/lightblue"},
      {"predicate": {"custom_model_data":35}, "model": "cake/layer3/lime"},
      {"predicate": {"custom_model_data":36}, "model": "cake/layer3/magenta"},
      {"predicate": {"custom_model_data":37}, "model": "cake/layer3/orange"},
      {"predicate": {"custom_model_data":38}, "model": "cake/layer3/pink"},
      {"predicate": {"custom_model_data":39}, "model": "cake/layer3/purple"},
      {"predicate": {"custom_model_data":40}, "model": "cake/layer3/red"},
      {"predicate": {"custom_model_data":41}, "model": "cake/layer3/white"},
      {"predicate": {"custom_model_data":42}, "model": "cake/layer3/yellow"}
    ]
}