{
    "parent": "item/candle",
    "overrides": [
      {"predicate": {"custom_model_data":1}, "model": "deco/cherry"},
      {"predicate": {"custom_model_data":2}, "model": "deco/whippedcream"},
      {"predicate": {"custom_model_data":3}, "model": "deco/strawberry"},
      {"predicate": {"custom_model_data":4}, "model": "deco/slicedbanana"},
      {"predicate": {"custom_model_data":5}, "model": "deco/orangeslice"},
      {"predicate": {"custom_model_data":6}, "model": "deco/limeslice"},
      {"predicate": {"custom_model_data":7}, "model": "deco/gridchocolate"},
      {"predicate": {"custom_model_data":8}, "model": "deco/glazedcookie"},
      {"predicate": {"custom_model_data":9}, "model": "deco/edibleflower"}
    ]
}